{"learner":{"attributes":{"scikit_learn":"{\"_estimator_type\": \"classifier\"}"},"feature_names":["Temperature (°C)","Humidity (%)","Precipitation (mm)","Soil Moisture (%)","Elevation (m)"],"feature_types":["int","int","int","int","int"],"gradient_booster":{"model":{"gbtree_model_param":{"num_parallel_tree":"1","num_trees":"4"},"iteration_indptr":[0,4],"tree_info":[0,1,2,3],"trees":[{"base_weights":[1.7808127E0,1.9978397E-1,1.4290673E0,1.9940321E-1,6.4119774E-1,1.9659091E0,-1.1442385E-1,1.9769785E-1,5.8823533E-2,1.9391635E-1,-6.6125765E-2],"categories":[],"categories_nodes":[],"categories_segments":[],"categories_sizes":[],"default_left":[0,0,0,0,0,0,0,0,0,0,0],"id":0,"left_children":[1,-1,3,-1,5,7,9,-1,-1,-1,-1],"loss_changes":[1.11728516E2,0E0,2.5522095E2,0E0,2.4258736E2,1.7907715E-1,1.7548314E2,0E0,0E0,0E0,0E0],"parents":[2147483647,0,0,2,2,4,4,5,5,6,6],"right_children":[2,-1,4,-1,6,8,10,-1,-1,-1,-1],"split_conditions":[7.1E1,1.9978397E-1,6.1E1,1.9940321E-1,8.3E1,8.2E1,2.01E2,1.9769785E-1,5.8823533E-2,1.9391635E-1,-6.6125765E-2],"split_indices":[1,0,3,0,2,2,4,0,0,0,0],"split_type":[0,0,0,0,0,0,0,0,0,0,0],"sum_hessian":[1.5E3,9.2475E2,5.7525E2,3.34125E2,2.41125E2,8.7E1,1.54125E2,8.5875E1,1.125E0,3.1875E1,1.2225E2],"tree_param":{"num_deleted":"0","num_feature":"5","num_nodes":"11","size_leaf_vector":"1"}},{"base_weights":[-4.883411E-1,-6.659465E-2,-2.021692E-1,-6.646774E-2,4.3882293E-1,-6.589928E-2,1.0464E0,-6.468402E-2,1.4984833E0,1.9749217E-1,6.183844E-1,1.8545455E-1,7.003891E-2,1.7538463E-1,-4.8E-2],"categories":[],"categories_nodes":[],"categories_segments":[],"categories_sizes":[],"default_left":[0,0,0,0,0,0,0,0,0,0,0,0,0,0,0],"id":1,"left_children":[1,-1,3,-1,5,-1,7,-1,9,-1,11,-1,13,-1,-1],"loss_changes":[7.615469E1,0E0,1.7112912E2,0E0,1.621888E2,0E0,1.20576416E2,0E0,5.0616302E1,0E0,3.028833E1,0E0,3.059472E1,0E0,0E0],"parents":[2147483647,0,0,2,2,4,4,6,6,8,8,10,10,12,12],"right_children":[2,-1,4,-1,6,-1,8,-1,10,-1,12,-1,14,-1,-1],"split_conditions":[7.1E1,-6.659465E-2,6.1E1,-6.646774E-2,8.2E1,-6.589928E-2,2.01E2,-6.468402E-2,8.6E1,1.9749217E-1,7.1E1,1.8545455E-1,1.22E2,1.7538463E-1,-4.8E-2],"split_indices":[1,0,3,0,2,0,4,0,1,0,3,0,2,0,0],"split_type":[0,0,0,0,0,0,0,0,0,0,0,0,0,0,0],"sum_hessian":[1.5E3,9.2475E2,5.7525E2,3.34125E2,2.41125E2,8.5875E1,1.5525E2,3.2625E1,1.22625E2,7.875E1,4.3875E1,1.275E1,3.1125E1,7.125E0,2.4E1],"tree_param":{"num_deleted":"0","num_feature":"5","num_nodes":"15","size_leaf_vector":"1"}},{"base_weights":[-6.322452E-1,-6.6614114E-2,-4.4539616E-1,-6.628159E-2,1.7515275E-1,-6.461539E-2,1.0627615E0,-5.762712E-2,1.531915E0,1.8688525E-1,8.108108E-1,1.6097562E-1,-1.4634146E-1,4.0000003E-2,-4.8275862E-2],"categories":[],"categories_nodes":[],"categories_segments":[],"categories_sizes":[],"default_left":[0,0,0,0,0,0,0,0,0,0,0,0,0,0,0],"id":2,"left_children":[1,-1,3,-1,5,-1,7,-1,9,-1,11,-1,13,-1,-1],"loss_changes":[9.209778E0,0E0,3.1619812E1,0E0,4.542902E1,0E0,2.3855412E1,0E0,4.194439E0,0E0,7.3091636E0,0E0,1.1350715E0,0E0,0E0],"parents":[2147483647,0,0,2,2,4,4,6,6,8,8,10,10,12,12],"right_children":[2,-1,4,-1,6,-1,8,-1,10,-1,12,-1,14,-1,-1],"split_conditions":[8.6E1,-6.6614114E-2,7.1E1,-6.628159E-2,1.22E2,-6.461539E-2,2.93E2,-5.762712E-2,8.6E1,1.8688525E-1,9.1E1,1.6097562E-1,2.6E1,4.0000003E-2,-4.8275862E-2],"split_indices":[1,0,3,0,2,0,4,0,3,0,1,0,0,0,0],"split_type":[0,0,0,0,0,0,0,0,0,0,0,0,0,0,0],"sum_hessian":[1.5E3,1.2675E3,2.325E2,1.72125E2,6.0375E1,3.15E1,2.8875E1,6.375E0,2.25E1,1.425E1,8.25E0,4.125E0,4.125E0,1.5E0,2.625E0],"tree_param":{"num_deleted":"0","num_feature":"5","num_nodes":"15","size_leaf_vector":"1"}},{"base_weights":[-6.602265E-1,-6.661894E-2,-5.748218E-1,-6.595174E-2,7.692308E-2,-5.8823533E-2,1.0909091E0,-3.529412E-2,1.5428571E-1],"categories":[],"categories_nodes":[],"categories_segments":[],"categories_sizes":[],"default_left":[0,0,0,0,0,0,0,0,0],"id":3,"left_children":[1,-1,3,-1,5,-1,7,-1,-1],"loss_changes":[3.8146973E-1,0E0,5.860523E0,0E0,9.409708E0,0E0,4.133537E0,0E0,0E0],"parents":[2147483647,0,0,2,2,4,4,6,6],"right_children":[2,-1,4,-1,6,-1,8,-1,-1],"split_conditions":[8.6E1,-6.661894E-2,9.1E1,-6.595174E-2,1.54E2,-5.8823533E-2,1.87E2,-3.529412E-2,1.5428571E-1],"split_indices":[3,0,1,0,2,0,4,0,0],"split_type":[0,0,0,0,0,0,0,0,0],"sum_hessian":[1.5E3,1.39575E3,1.0425E2,9.225E1,1.2E1,7.5E0,4.5E0,1.125E0,3.375E0],"tree_param":{"num_deleted":"0","num_feature":"5","num_nodes":"9","size_leaf_vector":"1"}}]},"name":"gbtree"},"learner_model_param":{"base_score":"5E-1","boost_from_average":"1","num_class":"4","num_feature":"5","num_target":"1"},"objective":{"name":"multi:softprob","softmax_multiclass_param":{"num_class":"4"}}},"version":[2,1,4]}