{"learner":{"attributes":{"scikit_learn":"{\"_estimator_type\": \"classifier\"}"},"feature_names":["Temperature (°C)","Humidity (%)","Soil Moisture (%)","Elevation (m)"],"feature_types":["int","int","int","int"],"gradient_booster":{"model":{"gbtree_model_param":{"num_parallel_tree":"1","num_trees":"4"},"iteration_indptr":[0,4],"tree_info":[0,1,2,3],"trees":[{"base_weights":[1.7808127E0,1.9978578E-1,1.4211568E0,1.9940387E-1,5.9326565E-1,1.962353E-1,1.8982118E-1,8.2365364E-2,3.8446602E-1,5.6155507E-2,8.965517E-1,4.7795823E-1,-8.695652E-2,-3.255814E-1,9.4339624E-2,1.1764706E-2,1.20000005E-1,9.411765E-1,3.8274932E-1,-3.529412E-1,5E-1,-4.864865E-2,4.0000003E-2,2.8915662E-2,-3.0534351E-3,1.1864407E-1,-3.529412E-2,2.1513944E-2,6.875E-2,-5.454546E-2,-0E0,6.0869563E-2,1.1764706E-2],"categories":[],"categories_nodes":[],"categories_segments":[],"categories_sizes":[],"default_left":[0,0,0,0,0,0,0,0,0,0,0,0,0,0,0,0,0,0,0,0,0,0,0,0,0,0,0,0,0,0,0,0,0],"id":0,"left_children":[1,-1,3,-1,5,-1,7,9,11,13,15,17,19,21,23,-1,-1,25,27,29,31,-1,-1,-1,-1,-1,-1,-1,-1,-1,-1,-1,-1],"loss_changes":[1.1433057E2,0E0,2.6838806E2,0E0,1.288085E2,0E0,3.7697659E0,2.4757414E0,2.8788471E0,1.7179203E0,7.156186E-1,2.0157871E0,1.9718671E0,1.4496545E0,2.587552E0,0E0,0E0,3.11665E0,2.220891E0,5.7754004E-1,9.462917E-2,0E0,0E0,0E0,0E0,0E0,0E0,0E0,0E0,0E0,0E0,0E0,0E0],"parents":[2147483647,0,0,2,2,4,4,6,6,7,7,8,8,9,9,10,10,11,11,12,12,13,13,14,14,17,17,18,18,19,19,20,20],"right_children":[2,-1,4,-1,6,-1,8,10,12,14,16,18,20,22,24,-1,-1,26,28,30,32,-1,-1,-1,-1,-1,-1,-1,-1,-1,-1,-1,-1],"split_conditions":[7.1E1,1.9978578E-1,6.1E1,1.9940387E-1,2E2,1.962353E-1,8.7E1,9E1,3.2E1,6.3E1,6.37E2,8.8E1,3.5E1,3.3E1,7.3E1,1.1764706E-2,1.20000005E-1,8.56E2,2.7E1,8.1E1,9.5E1,-4.864865E-2,4.0000003E-2,2.8915662E-2,-3.0534351E-3,1.1864407E-1,-3.529412E-2,2.1513944E-2,6.875E-2,-5.454546E-2,-0E0,6.0869563E-2,1.1764706E-2],"split_indices":[1,0,2,0,3,0,1,2,0,2,3,1,0,0,2,0,0,3,0,2,1,0,0,0,0,0,0,0,0,0,0,0,0],"split_type":[0,0,0,0,0,0,0,0,0,0,0,0,0,0,0,0,0,0,0,0,0,0,0,0,0,0,0,0,0,0,0,0,0],"sum_hessian":[1.5E3,9.32625E2,5.67375E2,3.345E2,2.32875E2,5.2125E1,1.8075E2,1.17375E2,6.3375E1,1.1475E2,2.625E0,5.2875E1,1.05E1,9.75E0,1.05E2,1.125E0,1.5E0,7.5E0,4.5375E1,7.5E0,3E0,8.25E0,1.5E0,4.05E1,6.45E1,6.375E0,1.125E0,3.0375E1,1.5E1,4.5E0,3E0,1.875E0,1.125E0],"tree_param":{"num_deleted":"0","num_feature":"4","num_nodes":"33","size_leaf_vector":"1"}},{"base_weights":[-4.883411E-1,-6.6595264E-2,-1.9573346E-1,-6.646796E-2,4.7781935E-1,-6.541177E-2,8.0605227E-1,1.2410715E0,1.0600707E-1,1.2685714E0,6.896552E-2,6.968326E-1,-2.6628897E-1,1.2924528E0,4E-1,5.8823533E-2,-4.0000003E-2,1.0434783E0,4.2335767E-1,8.5714287E-1,-3.8036808E-1,8.75E-2,1.3516484E-1,-8.695653E-3,8.0000006E-2,1.3548388E-1,3.1578947E-2,1.0909091E-2,1.3142858E-1,1.1764706E-2,1.07692316E-1,-4.347826E-2,1.7142858E-2],"categories":[],"categories_nodes":[],"categories_segments":[],"categories_sizes":[],"default_left":[0,0,0,0,0,0,0,0,0,0,0,0,0,0,0,0,0,0,0,0,0,0,0,0,0,0,0,0,0,0,0,0,0],"id":1,"left_children":[1,-1,3,-1,5,-1,7,9,11,13,15,17,19,21,23,-1,-1,25,27,29,31,-1,-1,-1,-1,-1,-1,-1,-1,-1,-1,-1,-1],"loss_changes":[7.787735E1,0E0,1.7984451E2,0E0,8.742093E1,0E0,5.521733E1,3.5225983E0,1.57478695E1,1.7517548E0,1.1180527E0,2.1770544E0,5.981096E0,1.4367065E0,9.2173916E-1,0E0,0E0,2.1777515E0,4.651436E0,5.84357E-1,1.2980833E0,0E0,0E0,0E0,0E0,0E0,0E0,0E0,0E0,0E0,0E0,0E0,0E0],"parents":[2147483647,0,0,2,2,4,4,6,6,7,7,8,8,9,9,10,10,11,11,12,12,13,13,14,14,17,17,18,18,19,19,20,20],"right_children":[2,-1,4,-1,6,-1,8,10,12,14,16,18,20,22,24,-1,-1,26,28,30,32,-1,-1,-1,-1,-1,-1,-1,-1,-1,-1,-1,-1],"split_conditions":[7.1E1,-6.6595264E-2,6.1E1,-6.646796E-2,2E2,-6.541177E-2,8.6E1,9E1,7.4E1,9.77E2,6.37E2,4.46E2,2.93E2,1.7E1,9.91E2,5.8823533E-2,-4.0000003E-2,9E1,9.4E1,2.34E2,3.4E1,8.75E-2,1.3516484E-1,-8.695653E-3,8.0000006E-2,1.3548388E-1,3.1578947E-2,1.0909091E-2,1.3142858E-1,1.1764706E-2,1.07692316E-1,-4.347826E-2,1.7142858E-2],"split_indices":[1,0,2,0,3,0,1,2,2,3,3,3,3,0,3,0,0,1,1,3,0,0,0,0,0,0,0,0,0,0,0,0,0],"split_type":[0,0,0,0,0,0,0,0,0,0,0,0,0,0,0,0,0,0,0,0,0,0,0,0,0,0,0,0,0,0,0,0,0],"sum_hessian":[1.5E3,9.32625E2,5.67375E2,3.345E2,2.32875E2,5.2125E1,1.8075E2,1.11E2,6.975E1,1.08375E2,2.625E0,2.6625E1,4.3125E1,1.05E2,3.375E0,1.125E0,1.5E0,1.05E1,1.6125E1,3.375E0,3.975E1,1.5E1,9E1,1.875E0,1.5E0,6.75E0,3.75E0,1.275E1,3.375E0,1.125E0,2.25E0,3.6375E1,3.375E0],"tree_param":{"num_deleted":"0","num_feature":"4","num_nodes":"33","size_leaf_vector":"1"}},{"base_weights":[-6.322452E-1,-6.6614345E-2,-4.3993416E-1,-6.627043E-2,1.85567E-1,-5.753425E-1,5.0144094E-1,-6.25E-2,-1.5384616E-1,7.692308E-1,2.9850746E-2,-3.529412E-2,1.1764706E-2,2.857143E-1,8.9017344E-1,5.2307695E-1,-3.8961038E-1,-3.1578946E-1,1.07692316E-1,3.1578946E-1,9.93007E-1,9.565218E-2,2.4E-1,-1.0526316E-1,-5.531915E-2,-0E0,-4.6153847E-2,7.692308E-2,-4.0000003E-2,3.448276E-2,1.0819673E-1,-2.857143E-2,9.565218E-2,-4.6153847E-2,4.0000003E-2],"categories":[],"categories_nodes":[],"categories_segments":[],"categories_sizes":[],"default_left":[0,0,0,0,0,0,0,0,0,0,0,0,0,0,0,0,0,0,0,0,0,0,0,0,0,0,0,0,0,0,0,0,0,0,0],"id":2,"left_children":[1,-1,3,-1,5,7,9,-1,11,13,15,-1,-1,17,19,21,23,25,-1,27,29,-1,31,33,-1,-1,-1,-1,-1,-1,-1,-1,-1,-1,-1],"loss_changes":[9.491943E0,0E0,3.1875763E1,0E0,1.4859806E1,2.8582716E-1,5.4547386E0,0E0,2.1719459E-1,1.3611126E0,3.6691904E0,0E0,0E0,3.6714866E0,9.637203E-1,7.673578E-1,3.8946497E-1,2.1862349E-1,0E0,1.8493928E0,6.576195E-1,0E0,2.6275778E0,1.0396761E0,0E0,0E0,0E0,0E0,0E0,0E0,0E0,0E0,0E0,0E0,0E0],"parents":[2147483647,0,0,2,2,4,4,5,5,6,6,8,8,9,9,10,10,13,13,14,14,15,15,16,16,17,17,19,19,20,20,22,22,23,23],"right_children":[2,-1,4,-1,6,8,10,-1,12,14,16,-1,-1,18,20,22,24,26,-1,28,30,-1,32,34,-1,-1,-1,-1,-1,-1,-1,-1,-1,-1,-1],"split_conditions":[8.6E1,-6.6614345E-2,7.1E1,-6.627043E-2,3.66E2,2.93E2,8.5E1,-6.25E-2,9.1E1,5.41E2,9.1E1,-3.529412E-2,1.1764706E-2,9.3E1,7.4E1,4.21E2,9.4E1,2.4E1,1.07692316E-1,2.6E1,1.7E1,9.565218E-2,7.93E2,7.37E2,-5.531915E-2,-0E0,-4.6153847E-2,7.692308E-2,-4.0000003E-2,3.448276E-2,1.0819673E-1,-2.857143E-2,9.565218E-2,-4.6153847E-2,4.0000003E-2],"split_indices":[1,0,2,0,3,3,2,0,1,3,1,0,0,1,2,3,1,0,0,0,0,0,3,3,0,0,0,0,0,0,0,0,0,0,0],"split_type":[0,0,0,0,0,0,0,0,0,0,0,0,0,0,0,0,0,0,0,0,0,0,0,0,0,0,0,0,0,0,0,0,0,0,0],"sum_hessian":[1.5E3,1.273125E3,2.26875E2,1.6725E2,5.9625E1,1.725E1,4.2375E1,1.5E1,2.25E0,2.6625E1,1.575E1,1.125E0,1.125E0,6E0,2.0625E1,7.125E0,8.625E0,3.75E0,2.25E0,3.75E0,1.6875E1,1.875E0,5.25E0,3.75E0,4.875E0,1.5E0,2.25E0,2.25E0,1.5E0,2.625E0,1.425E1,3.375E0,1.875E0,2.25E0,1.5E0],"tree_param":{"num_deleted":"0","num_feature":"4","num_nodes":"35","size_leaf_vector":"1"}},{"base_weights":[-6.602265E-1,-6.6619E-2,-5.73156E-1,-6.595174E-2,2.0224719E-1,-5.2631583E-2,6.440678E-1,9.565218E-2,3.6363637E-1,-0E0,5E-1,6.0869563E-2,1.1764706E-2],"categories":[],"categories_nodes":[],"categories_segments":[],"categories_sizes":[],"default_left":[0,0,0,0,0,0,0,0,0,0,0,0,0],"id":3,"left_children":[1,-1,3,-1,5,-1,7,-1,9,-1,11,-1,-1],"loss_changes":[3.9752197E-1,0E0,7.0558853E0,0E0,3.9200554E0,0E0,2.9838538E-1,0E0,2.7272725E-1,0E0,9.462917E-2,0E0,0E0],"parents":[2147483647,0,0,2,2,4,4,6,6,8,8,10,10],"right_children":[2,-1,4,-1,6,-1,8,-1,10,-1,12,-1,-1],"split_conditions":[8.6E1,-6.6619E-2,9.1E1,-6.595174E-2,5.7E2,-5.2631583E-2,8.8E1,9.565218E-2,2.4E1,-0E0,9.5E1,6.0869563E-2,1.1764706E-2],"split_indices":[2,0,1,0,3,0,2,0,0,0,1,0,0],"split_type":[0,0,0,0,0,0,0,0,0,0,0,0,0],"sum_hessian":[1.5E3,1.397625E3,1.02375E2,9.225E1,1.0125E1,3.75E0,6.375E0,1.875E0,4.5E0,1.5E0,3E0,1.875E0,1.125E0],"tree_param":{"num_deleted":"0","num_feature":"4","num_nodes":"13","size_leaf_vector":"1"}}]},"name":"gbtree"},"learner_model_param":{"base_score":"5E-1","boost_from_average":"1","num_class":"4","num_feature":"4","num_target":"1"},"objective":{"name":"multi:softprob","softmax_multiclass_param":{"num_class":"4"}}},"version":[2,1,4]}